{
  "AF": {
    "alpha3": "AFG",
    "country": "Afghanistan",
    "code": 4
  },
  "AX": {
    "alpha3": "ALA",
    "country": "Aland Islands",
    "code": 248
  },
  "AL": {
    "alpha3": "ALB",
    "country": "Albania",
    "code": 8
  },
  "DZ": {
    "alpha3": "DZA",
    "country": "Algeria",
    "code": 12
  },
  "AS": {
    "alpha3": "ASM",
    "country": "American Samoa",
    "code": 16
  },
  "AD": {
    "alpha3": "AND",
    "country": "Andorra",
    "code": 20
  },
  "AO": {
    "alpha3": "AGO",
    "country": "Angola",
    "code": 24
  },
  "AI": {
    "alpha3": "AIA",
    "country": "Anguilla",
    "code": 660
  },
  "AQ": {
    "alpha3": "ATA",
    "country": "Antarctica",
    "code": 10
  },
  "AG": {
    "alpha3": "ATG",
    "country": "Antigua and Barbuda",
    "code": 28
  },
  "AR": {
    "alpha3": "ARG",
    "country": "Argentina",
    "code": 32
  },
  "AM": {
    "alpha3": "ARM",
    "country": "Armenia",
    "code": 51
  },
  "AW": {
    "alpha3": "ABW",
    "country": "Aruba",
    "code": 533
  },
  "AU": {
    "alpha3": "AUS",
    "country": "Australia",
    "code": 36
  },
  "AT": {
    "alpha3": "AUT",
    "country": "Austria",
    "code": 40
  },
  "AZ": {
    "alpha3": "AZE",
    "country": "Azerbaijan",
    "code": 31
  },
  "BS": {
    "alpha3": "BHS",
    "country": "Bahamas",
    "code": 44
  },
  "BH": {
    "alpha3": "BHR",
    "country": "Bahrain",
    "code": 48
  },
  "BD": {
    "alpha3": "BGD",
    "country": "Bangladesh",
    "code": 50
  },
  "BB": {
    "alpha3": "BRB",
    "country": "Barbados",
    "code": 52
  },
  "BY": {
    "alpha3": "BLR",
    "country": "Belarus",
    "code": 112
  },
  "BE": {
    "alpha3": "BEL",
    "country": "Belgium",
    "code": 56
  },
  "BZ": {
    "alpha3": "BLZ",
    "country": "Belize",
    "code": 84
  },
  "BJ": {
    "alpha3": "BEN",
    "country": "Benin",
    "code": 204
  },
  "BM": {
    "alpha3": "BMU",
    "country": "Bermuda",
    "code": 60
  },
  "BT": {
    "alpha3": "BTN",
    "country": "Bhutan",
    "code": 64
  },
  "BO": {
    "alpha3": "BOL",
    "country": "Bolivia",
    "code": 68
  },
  "BA": {
    "alpha3": "BIH",
    "country": "Bosnia and Herzegovina",
    "code": 70
  },
  "BW": {
    "alpha3": "BWA",
    "country": "Botswana",
    "code": 72
  },
  "BV": {
    "alpha3": "BVT",
    "country": "Bouvet Island",
    "code": 74
  },
  "BR": {
    "alpha3": "BRA",
    "country": "Brazil",
    "code": 76
  },
  "VG": {
    "alpha3": "VGB",
    "country": "British Virgin Islands",
    "code": 92
  },
  "IO": {
    "alpha3": "IOT",
    "country": "British Indian Ocean Territory",
    "code": 86
  },
  "BN": {
    "alpha3": "BRN",
    "country": "Brunei Darussalam",
    "code": 96
  },
  "BG": {
    "alpha3": "BGR",
    "country": "Bulgaria",
    "code": 100
  },
  "BF": {
    "alpha3": "BFA",
    "country": "Burkina Faso",
    "code": 854
  },
  "BI": {
    "alpha3": "BDI",
    "country": "Burundi",
    "code": 108
  },
  "KH": {
    "alpha3": "KHM",
    "country": "Cambodia",
    "code": 116
  },
  "CM": {
    "alpha3": "CMR",
    "country": "Cameroon",
    "code": 120
  },
  "CA": {
    "alpha3": "CAN",
    "country": "Canada",
    "code": 124
  },
  "CV": {
    "alpha3": "CPV",
    "country": "Cape Verde",
    "code": 132
  },
  "KY": {
    "alpha3": "CYM",
    "country": "Cayman Islands",
    "code": 136
  },
  "CF": {
    "alpha3": "CAF",
    "country": "Central African Republic",
    "code": 140
  },
  "TD": {
    "alpha3": "TCD",
    "country": "Chad",
    "code": 148
  },
  "CL": {
    "alpha3": "CHL",
    "country": "Chile",
    "code": 152
  },
  "CN": {
    "alpha3": "CHN",
    "country": "China",
    "code": 156
  },
  "HK": {
    "alpha3": "HKG",
    "country": "Hong Kong, Special Administrative Region of China",
    "code": 344
  },
  "MO": {
    "alpha3": "MAC",
    "country": "Macao, Special Administrative Region of China",
    "code": 446
  },
  "CX": {
    "alpha3": "CXR",
    "country": "Christmas Island",
    "code": 162
  },
  "CC": {
    "alpha3": "CCK",
    "country": "Cocos (Keeling) Islands",
    "code": 166
  },
  "CO": {
    "alpha3": "COL",
    "country": "Colombia",
    "code": 170
  },
  "KM": {
    "alpha3": "COM",
    "country": "Comoros",
    "code": 174
  },
  "CG": {
    "alpha3": "COG",
    "country": "Congo (Brazzaville)",
    "code": 178
  },
  "CD": {
    "alpha3": "COD",
    "country": "Congo, Democratic Republic of the",
    "code": 180
  },
  "CK": {
    "alpha3": "COK",
    "country": "Cook Islands",
    "code": 184
  },
  "CR": {
    "alpha3": "CRI",
    "country": "Costa Rica",
    "code": 188
  },
  "CI": {
    "alpha3": "CIV",
    "country": "Côte d'Ivoire",
    "code": 384
  },
  "HR": {
    "alpha3": "HRV",
    "country": "Croatia",
    "code": 191
  },
  "CU": {
    "alpha3": "CUB",
    "country": "Cuba",
    "code": 192
  },
  "CY": {
    "alpha3": "CYP",
    "country": "Cyprus",
    "code": 196
  },
  "CZ": {
    "alpha3": "CZE",
    "country": "Czech Republic",
    "code": 203
  },
  "DK": {
    "alpha3": "DNK",
    "country": "Denmark",
    "code": 208
  },
  "DJ": {
    "alpha3": "DJI",
    "country": "Djibouti",
    "code": 262
  },
  "DM": {
    "alpha3": "DMA",
    "country": "Dominica",
    "code": 212
  },
  "DO": {
    "alpha3": "DOM",
    "country": "Dominican Republic",
    "code": 214
  },
  "EC": {
    "alpha3": "ECU",
    "country": "Ecuador",
    "code": 218
  },
  "EG": {
    "alpha3": "EGY",
    "country": "Egypt",
    "code": 818
  },
  "SV": {
    "alpha3": "SLV",
    "country": "El Salvador",
    "code": 222
  },
  "GQ": {
    "alpha3": "GNQ",
    "country": "Equatorial Guinea",
    "code": 226
  },
  "ER": {
    "alpha3": "ERI",
    "country": "Eritrea",
    "code": 232
  },
  "EE": {
    "alpha3": "EST",
    "country": "Estonia",
    "code": 233
  },
  "ET": {
    "alpha3": "ETH",
    "country": "Ethiopia",
    "code": 231
  },
  "FK": {
    "alpha3": "FLK",
    "country": "Falkland Islands (Malvinas)",
    "code": 238
  },
  "FO": {
    "alpha3": "FRO",
    "country": "Faroe Islands",
    "code": 234
  },
  "FJ": {
    "alpha3": "FJI",
    "country": "Fiji",
    "code": 242
  },
  "FI": {
    "alpha3": "FIN",
    "country": "Finland",
    "code": 246
  },
  "FR": {
    "alpha3": "FRA",
    "country": "France",
    "code": 250
  },
  "GF": {
    "alpha3": "GUF",
    "country": "French Guiana",
    "code": 254
  },
  "PF": {
    "alpha3": "PYF",
    "country": "French Polynesia",
    "code": 258
  },
  "TF": {
    "alpha3": "ATF",
    "country": "French Southern Territories",
    "code": 260
  },
  "GA": {
    "alpha3": "GAB",
    "country": "Gabon",
    "code": 266
  },
  "GM": {
    "alpha3": "GMB",
    "country": "Gambia",
    "code": 270
  },
  "GE": {
    "alpha3": "GEO",
    "country": "Georgia",
    "code": 268
  },
  "DE": {
    "alpha3": "DEU",
    "country": "Germany",
    "code": 276
  },
  "GH": {
    "alpha3": "GHA",
    "country": "Ghana",
    "code": 288
  },
  "GI": {
    "alpha3": "GIB",
    "country": "Gibraltar",
    "code": 292
  },
  "GR": {
    "alpha3": "GRC",
    "country": "Greece",
    "code": 300
  },
  "GL": {
    "alpha3": "GRL",
    "country": "Greenland",
    "code": 304
  },
  "GD": {
    "alpha3": "GRD",
    "country": "Grenada",
    "code": 308
  },
  "GP": {
    "alpha3": "GLP",
    "country": "Guadeloupe",
    "code": 312
  },
  "GU": {
    "alpha3": "GUM",
    "country": "Guam",
    "code": 316
  },
  "GT": {
    "alpha3": "GTM",
    "country": "Guatemala",
    "code": 320
  },
  "GG": {
    "alpha3": "GGY",
    "country": "Guernsey",
    "code": 831
  },
  "GN": {
    "alpha3": "GIN",
    "country": "Guinea",
    "code": 324
  },
  "GW": {
    "alpha3": "GNB",
    "country": "Guinea-Bissau",
    "code": 624
  },
  "GY": {
    "alpha3": "GUY",
    "country": "Guyana",
    "code": 328
  },
  "HT": {
    "alpha3": "HTI",
    "country": "Haiti",
    "code": 332
  },
  "HM": {
    "alpha3": "HMD",
    "country": "Heard Island and Mcdonald Islands",
    "code": 334
  },
  "VA": {
    "alpha3": "VAT",
    "country": "Holy See (Vatican City State)",
    "code": 336
  },
  "HN": {
    "alpha3": "HND",
    "country": "Honduras",
    "code": 340
  },
  "HU": {
    "alpha3": "HUN",
    "country": "Hungary",
    "code": 348
  },
  "IS": {
    "alpha3": "ISL",
    "country": "Iceland",
    "code": 352
  },
  "IN": {
    "alpha3": "IND",
    "country": "India",
    "code": 356
  },
  "ID": {
    "alpha3": "IDN",
    "country": "Indonesia",
    "code": 360
  },
  "IR": {
    "alpha3": "IRN",
    "country": "Iran, Islamic Republic of",
    "code": 364
  },
  "IQ": {
    "alpha3": "IRQ",
    "country": "Iraq",
    "code": 368
  },
  "IE": {
    "alpha3": "IRL",
    "country": "Ireland",
    "code": 372
  },
  "IM": {
    "alpha3": "IMN",
    "country": "Isle of Man",
    "code": 833
  },
  "IL": {
    "alpha3": "ISR",
    "country": "Israel",
    "code": 376
  },
  "IT": {
    "alpha3": "ITA",
    "country": "Italy",
    "code": 380
  },
  "JM": {
    "alpha3": "JAM",
    "country": "Jamaica",
    "code": 388
  },
  "JP": {
    "alpha3": "JPN",
    "country": "Japan",
    "code": 392
  },
  "JE": {
    "alpha3": "JEY",
    "country": "Jersey",
    "code": 832
  },
  "JO": {
    "alpha3": "JOR",
    "country": "Jordan",
    "code": 400
  },
  "KZ": {
    "alpha3": "KAZ",
    "country": "Kazakhstan",
    "code": 398
  },
  "KE": {
    "alpha3": "KEN",
    "country": "Kenya",
    "code": 404
  },
  "KI": {
    "alpha3": "KIR",
    "country": "Kiribati",
    "code": 296
  },
  "KP": {
    "alpha3": "PRK",
    "country": "Korea, Democratic People's Republic of",
    "code": 408
  },
  "KR": {
    "alpha3": "KOR",
    "country": "Korea, Republic of",
    "code": 410
  },
  "KW": {
    "alpha3": "KWT",
    "country": "Kuwait",
    "code": 414
  },
  "KG": {
    "alpha3": "KGZ",
    "country": "Kyrgyzstan",
    "code": 417
  },
  "LA": {
    "alpha3": "LAO",
    "country": "Lao PDR",
    "code": 418
  },
  "LV": {
    "alpha3": "LVA",
    "country": "Latvia",
    "code": 428
  },
  "LB": {
    "alpha3": "LBN",
    "country": "Lebanon",
    "code": 422
  },
  "LS": {
    "alpha3": "LSO",
    "country": "Lesotho",
    "code": 426
  },
  "LR": {
    "alpha3": "LBR",
    "country": "Liberia",
    "code": 430
  },
  "LY": {
    "alpha3": "LBY",
    "country": "Libya",
    "code": 434
  },
  "LI": {
    "alpha3": "LIE",
    "country": "Liechtenstein",
    "code": 438
  },
  "LT": {
    "alpha3": "LTU",
    "country": "Lithuania",
    "code": 440
  },
  "LU": {
    "alpha3": "LUX",
    "country": "Luxembourg",
    "code": 442
  },
  "MK": {
    "alpha3": "MKD",
    "country": "Macedonia, Republic of",
    "code": 807
  },
  "MG": {
    "alpha3": "MDG",
    "country": "Madagascar",
    "code": 450
  },
  "MW": {
    "alpha3": "MWI",
    "country": "Malawi",
    "code": 454
  },
  "MY": {
    "alpha3": "MYS",
    "country": "Malaysia",
    "code": 458
  },
  "MV": {
    "alpha3": "MDV",
    "country": "Maldives",
    "code": 462
  },
  "ML": {
    "alpha3": "MLI",
    "country": "Mali",
    "code": 466
  },
  "MT": {
    "alpha3": "MLT",
    "country": "Malta",
    "code": 470
  },
  "MH": {
    "alpha3": "MHL",
    "country": "Marshall Islands",
    "code": 584
  },
  "MQ": {
    "alpha3": "MTQ",
    "country": "Martinique",
    "code": 474
  },
  "MR": {
    "alpha3": "MRT",
    "country": "Mauritania",
    "code": 478
  },
  "MU": {
    "alpha3": "MUS",
    "country": "Mauritius",
    "code": 480
  },
  "YT": {
    "alpha3": "MYT",
    "country": "Mayotte",
    "code": 175
  },
  "MX": {
    "alpha3": "MEX",
    "country": "Mexico",
    "code": 484
  },
  "FM": {
    "alpha3": "FSM",
    "country": "Micronesia, Federated States of",
    "code": 583
  },
  "MD": {
    "alpha3": "MDA",
    "country": "Moldova",
    "code": 498
  },
  "MC": {
    "alpha3": "MCO",
    "country": "Monaco",
    "code": 492
  },
  "MN": {
    "alpha3": "MNG",
    "country": "Mongolia",
    "code": 496
  },
  "ME": {
    "alpha3": "MNE",
    "country": "Montenegro",
    "code": 499
  },
  "MS": {
    "alpha3": "MSR",
    "country": "Montserrat",
    "code": 500
  },
  "MA": {
    "alpha3": "MAR",
    "country": "Morocco",
    "code": 504
  },
  "MZ": {
    "alpha3": "MOZ",
    "country": "Mozambique",
    "code": 508
  },
  "MM": {
    "alpha3": "MMR",
    "country": "Myanmar",
    "code": 104
  },
  "NA": {
    "alpha3": "NAM",
    "country": "Namibia",
    "code": 516
  },
  "NR": {
    "alpha3": "NRU",
    "country": "Nauru",
    "code": 520
  },
  "NP": {
    "alpha3": "NPL",
    "country": "Nepal",
    "code": 524
  },
  "NL": {
    "alpha3": "NLD",
    "country": "Netherlands",
    "code": 528
  },
  "AN": {
    "alpha3": "ANT",
    "country": "Netherlands Antilles",
    "code": 530
  },
  "NC": {
    "alpha3": "NCL",
    "country": "New Caledonia",
    "code": 540
  },
  "NZ": {
    "alpha3": "NZL",
    "country": "New Zealand",
    "code": 554
  },
  "NI": {
    "alpha3": "NIC",
    "country": "Nicaragua",
    "code": 558
  },
  "NE": {
    "alpha3": "NER",
    "country": "Niger",
    "code": 562
  },
  "NG": {
    "alpha3": "NGA",
    "country": "Nigeria",
    "code": 566
  },
  "NU": {
    "alpha3": "NIU",
    "country": "Niue",
    "code": 570
  },
  "NF": {
    "alpha3": "NFK",
    "country": "Norfolk Island",
    "code": 574
  },
  "MP": {
    "alpha3": "MNP",
    "country": "Northern Mariana Islands",
    "code": 580
  },
  "NO": {
    "alpha3": "NOR",
    "country": "Norway",
    "code": 578
  },
  "OM": {
    "alpha3": "OMN",
    "country": "Oman",
    "code": 512
  },
  "PK": {
    "alpha3": "PAK",
    "country": "Pakistan",
    "code": 586
  },
  "PW": {
    "alpha3": "PLW",
    "country": "Palau",
    "code": 585
  },
  "PS": {
    "alpha3": "PSE",
    "country": "Palestinian Territory, Occupied",
    "code": 275
  },
  "PA": {
    "alpha3": "PAN",
    "country": "Panama",
    "code": 591
  },
  "PG": {
    "alpha3": "PNG",
    "country": "Papua New Guinea",
    "code": 598
  },
  "PY": {
    "alpha3": "PRY",
    "country": "Paraguay",
    "code": 600
  },
  "PE": {
    "alpha3": "PER",
    "country": "Peru",
    "code": 604
  },
  "PH": {
    "alpha3": "PHL",
    "country": "Philippines",
    "code": 608
  },
  "PN": {
    "alpha3": "PCN",
    "country": "Pitcairn",
    "code": 612
  },
  "PL": {
    "alpha3": "POL",
    "country": "Poland",
    "code": 616
  },
  "PT": {
    "alpha3": "PRT",
    "country": "Portugal",
    "code": 620
  },
  "PR": {
    "alpha3": "PRI",
    "country": "Puerto Rico",
    "code": 630
  },
  "QA": {
    "alpha3": "QAT",
    "country": "Qatar",
    "code": 634
  },
  "RE": {
    "alpha3": "REU",
    "country": "Réunion",
    "code": 638
  },
  "RO": {
    "alpha3": "ROU",
    "country": "Romania",
    "code": 642
  },
  "RU": {
    "alpha3": "RUS",
    "country": "Russian Federation",
    "code": 643
  },
  "RW": {
    "alpha3": "RWA",
    "country": "Rwanda",
    "code": 646
  },
  "BL": {
    "alpha3": "BLM",
    "country": "Saint-Barthélemy",
    "code": 652
  },
  "SH": {
    "alpha3": "SHN",
    "country": "Saint Helena",
    "code": 654
  },
  "KN": {
    "alpha3": "KNA",
    "country": "Saint Kitts and Nevis",
    "code": 659
  },
  "LC": {
    "alpha3": "LCA",
    "country": "Saint Lucia",
    "code": 662
  },
  "MF": {
    "alpha3": "MAF",
    "country": "Saint-Martin (French part)",
    "code": 663
  },
  "PM": {
    "alpha3": "SPM",
    "country": "Saint Pierre and Miquelon",
    "code": 666
  },
  "VC": {
    "alpha3": "VCT",
    "country": "Saint Vincent and Grenadines",
    "code": 670
  },
  "WS": {
    "alpha3": "WSM",
    "country": "Samoa",
    "code": 882
  },
  "SM": {
    "alpha3": "SMR",
    "country": "San Marino",
    "code": 674
  },
  "ST": {
    "alpha3": "STP",
    "country": "Sao Tome and Principe",
    "code": 678
  },
  "SA": {
    "alpha3": "SAU",
    "country": "Saudi Arabia",
    "code": 682
  },
  "SN": {
    "alpha3": "SEN",
    "country": "Senegal",
    "code": 686
  },
  "RS": {
    "alpha3": "SRB",
    "country": "Serbia",
    "code": 688
  },
  "SC": {
    "alpha3": "SYC",
    "country": "Seychelles",
    "code": 690
  },
  "SL": {
    "alpha3": "SLE",
    "country": "Sierra Leone",
    "code": 694
  },
  "SG": {
    "alpha3": "SGP",
    "country": "Singapore",
    "code": 702
  },
  "SK": {
    "alpha3": "SVK",
    "country": "Slovakia",
    "code": 703
  },
  "SI": {
    "alpha3": "SVN",
    "country": "Slovenia",
    "code": 705
  },
  "SB": {
    "alpha3": "SLB",
    "country": "Solomon Islands",
    "code": 90
  },
  "SO": {
    "alpha3": "SOM",
    "country": "Somalia",
    "code": 706
  },
  "ZA": {
    "alpha3": "ZAF",
    "country": "South Africa",
    "code": 710
  },
  "GS": {
    "alpha3": "SGS",
    "country": "South Georgia and the South Sandwich Islands",
    "code": 239
  },
  "SS": {
    "alpha3": "SSD",
    "country": "South Sudan",
    "code": 728
  },
  "ES": {
    "alpha3": "ESP",
    "country": "Spain",
    "code": 724
  },
  "LK": {
    "alpha3": "LKA",
    "country": "Sri Lanka",
    "code": 144
  },
  "SD": {
    "alpha3": "SDN",
    "country": "Sudan",
    "code": 736
  },
  "SR": {
    "alpha3": "SUR",
    "country": "Suriname *",
    "code": 740
  },
  "SJ": {
    "alpha3": "SJM",
    "country": "Svalbard and Jan Mayen Islands",
    "code": 744
  },
  "SZ": {
    "alpha3": "SWZ",
    "country": "Swaziland",
    "code": 748
  },
  "SE": {
    "alpha3": "SWE",
    "country": "Sweden",
    "code": 752
  },
  "CH": {
    "alpha3": "CHE",
    "country": "Switzerland",
    "code": 756
  },
  "SY": {
    "alpha3": "SYR",
    "country": "Syrian Arab Republic (Syria)",
    "code": 760
  },
  "TW": {
    "alpha3": "TWN",
    "country": "Taiwan, Republic of China",
    "code": 158
  },
  "TJ": {
    "alpha3": "TJK",
    "country": "Tajikistan",
    "code": 762
  },
  "TZ": {
    "alpha3": "TZA",
    "country": "Tanzania *, United Republic of",
    "code": 834
  },
  "TH": {
    "alpha3": "THA",
    "country": "Thailand",
    "code": 764
  },
  "TL": {
    "alpha3": "TLS",
    "country": "Timor-Leste",
    "code": 626
  },
  "TG": {
    "alpha3": "TGO",
    "country": "Togo",
    "code": 768
  },
  "TK": {
    "alpha3": "TKL",
    "country": "Tokelau",
    "code": 772
  },
  "TO": {
    "alpha3": "TON",
    "country": "Tonga",
    "code": 776
  },
  "TT": {
    "alpha3": "TTO",
    "country": "Trinidad and Tobago",
    "code": 780
  },
  "TN": {
    "alpha3": "TUN",
    "country": "Tunisia",
    "code": 788
  },
  "TR": {
    "alpha3": "TUR",
    "country": "Turkey",
    "code": 792
  },
  "TM": {
    "alpha3": "TKM",
    "country": "Turkmenistan",
    "code": 795
  },
  "TC": {
    "alpha3": "TCA",
    "country": "Turks and Caicos Islands",
    "code": 796
  },
  "TV": {
    "alpha3": "TUV",
    "country": "Tuvalu",
    "code": 798
  },
  "UG": {
    "alpha3": "UGA",
    "country": "Uganda",
    "code": 800
  },
  "UA": {
    "alpha3": "UKR",
    "country": "Ukraine",
    "code": 804
  },
  "AE": {
    "alpha3": "ARE",
    "country": "United Arab Emirates",
    "code": 784
  },
  "GB": {
    "alpha3": "GBR",
    "country": "United Kingdom",
    "code": 826
  },
  "US": {
    "alpha3": "USA",
    "country": "United States of America",
    "code": 840
  },
  "UM": {
    "alpha3": "UMI",
    "country": "United States Minor Outlying Islands",
    "code": 581
  },
  "UY": {
    "alpha3": "URY",
    "country": "Uruguay",
    "code": 858
  },
  "UZ": {
    "alpha3": "UZB",
    "country": "Uzbekistan",
    "code": 860
  },
  "VU": {
    "alpha3": "VUT",
    "country": "Vanuatu",
    "code": 548
  },
  "VE": {
    "alpha3": "VEN",
    "country": "Venezuela (Bolivarian Republic of)",
    "code": 862
  },
  "VN": {
    "alpha3": "VNM",
    "country": "Viet Nam",
    "code": 704
  },
  "VI": {
    "alpha3": "VIR",
    "country": "Virgin Islands, US",
    "code": 850
  },
  "WF": {
    "alpha3": "WLF",
    "country": "Wallis and Futuna Islands",
    "code": 876
  },
  "EH": {
    "alpha3": "ESH",
    "country": "Western Sahara",
    "code": 732
  },
  "YE": {
    "alpha3": "YEM",
    "country": "Yemen",
    "code": 887
  },
  "ZM": {
    "alpha3": "ZMB",
    "country": "Zambia",
    "code": 894
  },
  "ZW": {
    "alpha3": "ZWE",
    "country": "Zimbabwe",
    "code": 716
  }
}